AgentName, GameName, Level, Win, Score, Time
tracks.singlePlayer.simple.sampleRandom.Agent,freeway,0,0,0.0,58.0
tracks.singlePlayer.simple.sampleRandom.Agent,freeway,0,0,0.0,56.0
tracks.singlePlayer.simple.sampleRandom.Agent,freeway,0,0,0.0,78.0
tracks.singlePlayer.simple.sampleRandom.Agent,freeway,0,0,0.0,101.0
tracks.singlePlayer.simple.sampleRandom.Agent,freeway,0,0,0.0,103.0
tracks.singlePlayer.simple.sampleRandom.Agent,freeway,0,0,0.0,63.0
tracks.singlePlayer.simple.sampleRandom.Agent,freeway,0,0,0.0,45.0
tracks.singlePlayer.simple.sampleRandom.Agent,freeway,0,0,0.0,101.0
tracks.singlePlayer.simple.sampleRandom.Agent,freeway,0,0,0.0,75.0
tracks.singlePlayer.simple.sampleRandom.Agent,freeway,0,0,0.0,50.0
tracks.singlePlayer.simple.sampleRandom.Agent,freeway,0,0,0.0,75.0
tracks.singlePlayer.simple.sampleRandom.Agent,freeway,0,0,0.0,171.0
tracks.singlePlayer.simple.sampleRandom.Agent,freeway,0,0,0.0,55.0
tracks.singlePlayer.simple.sampleRandom.Agent,freeway,0,0,0.0,54.0
tracks.singlePlayer.simple.sampleRandom.Agent,freeway,0,0,0.0,81.0
tracks.singlePlayer.simple.sampleRandom.Agent,freeway,0,0,0.0,88.0
tracks.singlePlayer.simple.sampleRandom.Agent,freeway,0,0,0.0,104.0
tracks.singlePlayer.simple.sampleRandom.Agent,freeway,0,0,0.0,66.0
tracks.singlePlayer.simple.sampleRandom.Agent,freeway,0,0,0.0,142.0
tracks.singlePlayer.simple.sampleRandom.Agent,freeway,0,0,0.0,98.0
tracks.singlePlayer.simple.sampleRandom.Agent,freeway,0,0,0.0,65.0
tracks.singlePlayer.simple.sampleRandom.Agent,freeway,0,0,0.0,88.0
tracks.singlePlayer.simple.sampleRandom.Agent,freeway,0,0,0.0,45.0
tracks.singlePlayer.simple.sampleRandom.Agent,freeway,0,0,0.0,95.0
tracks.singlePlayer.simple.sampleRandom.Agent,freeway,0,0,0.0,86.0
tracks.singlePlayer.simple.sampleRandom.Agent,freeway,0,0,0.0,127.0
tracks.singlePlayer.simple.sampleRandom.Agent,freeway,0,0,0.0,67.0
tracks.singlePlayer.simple.sampleRandom.Agent,freeway,0,0,0.0,100.0
tracks.singlePlayer.simple.sampleRandom.Agent,freeway,0,0,0.0,151.0
tracks.singlePlayer.simple.sampleRandom.Agent,freeway,0,0,0.0,137.0
tracks.singlePlayer.simple.sampleRandom.Agent,freeway,0,0,0.0,62.0
tracks.singlePlayer.simple.sampleRandom.Agent,freeway,0,0,0.0,65.0
tracks.singlePlayer.simple.sampleRandom.Agent,freeway,0,0,0.0,52.0
tracks.singlePlayer.simple.sampleRandom.Agent,freeway,0,0,0.0,96.0
tracks.singlePlayer.simple.sampleRandom.Agent,freeway,0,0,0.0,111.0
tracks.singlePlayer.simple.sampleRandom.Agent,freeway,0,0,0.0,93.0
tracks.singlePlayer.simple.sampleRandom.Agent,freeway,0,0,0.0,68.0
tracks.singlePlayer.simple.sampleRandom.Agent,freeway,0,0,0.0,57.0
tracks.singlePlayer.simple.sampleRandom.Agent,freeway,0,0,0.0,79.0
tracks.singlePlayer.simple.sampleRandom.Agent,freeway,0,0,0.0,67.0
tracks.singlePlayer.simple.sampleRandom.Agent,freeway,0,0,0.0,56.0
tracks.singlePlayer.simple.sampleRandom.Agent,freeway,0,0,0.0,108.0
tracks.singlePlayer.simple.sampleRandom.Agent,freeway,0,0,0.0,53.0
tracks.singlePlayer.simple.sampleRandom.Agent,freeway,0,0,0.0,77.0
tracks.singlePlayer.simple.sampleRandom.Agent,freeway,0,0,0.0,53.0
tracks.singlePlayer.simple.sampleRandom.Agent,freeway,0,0,0.0,66.0
tracks.singlePlayer.simple.sampleRandom.Agent,freeway,0,0,0.0,99.0
tracks.singlePlayer.simple.sampleRandom.Agent,freeway,0,0,0.0,61.0
tracks.singlePlayer.simple.sampleRandom.Agent,freeway,0,0,0.0,47.0
tracks.singlePlayer.simple.sampleRandom.Agent,freeway,0,0,0.0,67.0
tracks.singlePlayer.simple.sampleRandom.Agent,freeway,0,0,0.0,115.0
tracks.singlePlayer.simple.sampleRandom.Agent,freeway,0,0,0.0,103.0
tracks.singlePlayer.simple.sampleRandom.Agent,freeway,0,0,0.0,84.0
tracks.singlePlayer.simple.sampleRandom.Agent,freeway,0,0,0.0,72.0
tracks.singlePlayer.simple.sampleRandom.Agent,freeway,0,0,0.0,49.0
tracks.singlePlayer.simple.sampleRandom.Agent,freeway,0,0,0.0,62.0
tracks.singlePlayer.simple.sampleRandom.Agent,freeway,0,0,0.0,78.0
tracks.singlePlayer.simple.sampleRandom.Agent,freeway,0,0,0.0,63.0
tracks.singlePlayer.simple.sampleRandom.Agent,freeway,0,0,0.0,100.0
tracks.singlePlayer.simple.sampleRandom.Agent,freeway,0,0,0.0,80.0
tracks.singlePlayer.simple.sampleRandom.Agent,freeway,0,0,0.0,130.0
tracks.singlePlayer.simple.sampleRandom.Agent,freeway,0,0,0.0,86.0
tracks.singlePlayer.simple.sampleRandom.Agent,freeway,0,0,0.0,81.0
tracks.singlePlayer.simple.sampleRandom.Agent,freeway,0,0,0.0,119.0
tracks.singlePlayer.simple.sampleRandom.Agent,freeway,0,0,0.0,68.0
tracks.singlePlayer.simple.sampleRandom.Agent,freeway,0,0,0.0,77.0
tracks.singlePlayer.simple.sampleRandom.Agent,freeway,0,0,0.0,63.0
tracks.singlePlayer.simple.sampleRandom.Agent,freeway,0,0,0.0,89.0
tracks.singlePlayer.simple.sampleRandom.Agent,freeway,0,0,0.0,120.0
tracks.singlePlayer.simple.sampleRandom.Agent,freeway,0,0,0.0,65.0
tracks.singlePlayer.simple.sampleRandom.Agent,freeway,0,0,0.0,90.0
tracks.singlePlayer.simple.sampleRandom.Agent,freeway,0,0,0.0,83.0
tracks.singlePlayer.simple.sampleRandom.Agent,freeway,0,0,0.0,60.0
tracks.singlePlayer.simple.sampleRandom.Agent,freeway,0,0,0.0,48.0
tracks.singlePlayer.simple.sampleRandom.Agent,freeway,0,0,0.0,56.0
tracks.singlePlayer.simple.sampleRandom.Agent,freeway,0,0,0.0,94.0
tracks.singlePlayer.simple.sampleRandom.Agent,freeway,0,0,0.0,69.0
tracks.singlePlayer.simple.sampleRandom.Agent,freeway,0,0,0.0,69.0
tracks.singlePlayer.simple.sampleRandom.Agent,freeway,0,0,0.0,54.0
tracks.singlePlayer.simple.sampleRandom.Agent,freeway,0,0,0.0,131.0
tracks.singlePlayer.simple.sampleRandom.Agent,freeway,0,0,0.0,89.0
tracks.singlePlayer.simple.sampleRandom.Agent,freeway,0,0,0.0,62.0
tracks.singlePlayer.simple.sampleRandom.Agent,freeway,0,0,0.0,46.0
tracks.singlePlayer.simple.sampleRandom.Agent,freeway,0,0,0.0,100.0
tracks.singlePlayer.simple.sampleRandom.Agent,freeway,0,0,0.0,83.0
tracks.singlePlayer.simple.sampleRandom.Agent,freeway,0,0,0.0,56.0
tracks.singlePlayer.simple.sampleRandom.Agent,freeway,0,0,0.0,62.0
tracks.singlePlayer.simple.sampleRandom.Agent,freeway,0,0,0.0,72.0
tracks.singlePlayer.simple.sampleRandom.Agent,freeway,0,0,0.0,117.0
tracks.singlePlayer.simple.sampleRandom.Agent,freeway,0,0,0.0,64.0
tracks.singlePlayer.simple.sampleRandom.Agent,freeway,0,0,0.0,107.0
tracks.singlePlayer.simple.sampleRandom.Agent,freeway,0,0,0.0,158.0
tracks.singlePlayer.simple.sampleRandom.Agent,freeway,0,0,0.0,67.0
tracks.singlePlayer.simple.sampleRandom.Agent,freeway,0,0,0.0,52.0
tracks.singlePlayer.simple.sampleRandom.Agent,freeway,0,0,0.0,94.0
tracks.singlePlayer.simple.sampleRandom.Agent,freeway,0,0,0.0,133.0
tracks.singlePlayer.simple.sampleRandom.Agent,freeway,0,0,0.0,86.0
tracks.singlePlayer.simple.sampleRandom.Agent,freeway,0,0,0.0,119.0
tracks.singlePlayer.simple.sampleRandom.Agent,freeway,0,0,0.0,112.0
tracks.singlePlayer.simple.sampleRandom.Agent,freeway,0,0,0.0,69.0
tracks.singlePlayer.advanced.sampleMCTS.Agent,freeway,0,1,1.0,1900.0
tracks.singlePlayer.advanced.sampleMCTS.Agent,freeway,0,1,1.0,1900.0
tracks.singlePlayer.advanced.sampleMCTS.Agent,freeway,0,1,10.0,1900.0
tracks.singlePlayer.advanced.sampleMCTS.Agent,freeway,0,1,1.0,1900.0
tracks.singlePlayer.advanced.sampleMCTS.Agent,freeway,0,1,1.0,1900.0
tracks.singlePlayer.advanced.sampleMCTS.Agent,freeway,0,1,1.0,1900.0
tracks.singlePlayer.advanced.sampleMCTS.Agent,freeway,0,1,1.0,1900.0
tracks.singlePlayer.advanced.sampleMCTS.Agent,freeway,0,1,1.0,1900.0
tracks.singlePlayer.advanced.sampleMCTS.Agent,freeway,0,1,1.0,1900.0
tracks.singlePlayer.advanced.sampleMCTS.Agent,freeway,0,1,1.0,1900.0
tracks.singlePlayer.advanced.sampleMCTS.Agent,freeway,0,1,1.0,1900.0
tracks.singlePlayer.advanced.sampleMCTS.Agent,freeway,0,1,1.0,1900.0
tracks.singlePlayer.advanced.sampleMCTS.Agent,freeway,0,1,1.0,1900.0
tracks.singlePlayer.advanced.sampleMCTS.Agent,freeway,0,1,1.0,1900.0
tracks.singlePlayer.advanced.sampleMCTS.Agent,freeway,0,1,1.0,1900.0
tracks.singlePlayer.advanced.sampleMCTS.Agent,freeway,0,1,1.0,1900.0
tracks.singlePlayer.advanced.sampleMCTS.Agent,freeway,0,1,1.0,1900.0
tracks.singlePlayer.advanced.sampleMCTS.Agent,freeway,0,1,1.0,1900.0
tracks.singlePlayer.advanced.sampleMCTS.Agent,freeway,0,1,1.0,1900.0
tracks.singlePlayer.advanced.sampleMCTS.Agent,freeway,0,1,10.0,1900.0
tracks.singlePlayer.advanced.sampleMCTS.Agent,freeway,0,1,1.0,1900.0
tracks.singlePlayer.advanced.sampleMCTS.Agent,freeway,0,1,1.0,1900.0
tracks.singlePlayer.advanced.sampleMCTS.Agent,freeway,0,1,10.0,1900.0
tracks.singlePlayer.advanced.sampleMCTS.Agent,freeway,0,1,1.0,1900.0
tracks.singlePlayer.advanced.sampleMCTS.Agent,freeway,0,1,1.0,1900.0
tracks.singlePlayer.advanced.sampleMCTS.Agent,freeway,0,1,1.0,1900.0
tracks.singlePlayer.advanced.sampleMCTS.Agent,freeway,0,1,1.0,1900.0
tracks.singlePlayer.advanced.sampleMCTS.Agent,freeway,0,1,1.0,1900.0
tracks.singlePlayer.advanced.sampleMCTS.Agent,freeway,0,1,1.0,1900.0
tracks.singlePlayer.advanced.sampleMCTS.Agent,freeway,0,1,1.0,1900.0
tracks.singlePlayer.advanced.sampleMCTS.Agent,freeway,0,1,1.0,1900.0
tracks.singlePlayer.advanced.sampleMCTS.Agent,freeway,0,1,1.0,1900.0
tracks.singlePlayer.advanced.sampleMCTS.Agent,freeway,0,1,1.0,1900.0
tracks.singlePlayer.advanced.sampleMCTS.Agent,freeway,0,1,1.0,1900.0
tracks.singlePlayer.advanced.sampleMCTS.Agent,freeway,0,1,1.0,1900.0
tracks.singlePlayer.advanced.sampleMCTS.Agent,freeway,0,1,1.0,1900.0
tracks.singlePlayer.advanced.sampleMCTS.Agent,freeway,0,1,1.0,1900.0
tracks.singlePlayer.advanced.sampleMCTS.Agent,freeway,0,1,1.0,1900.0
tracks.singlePlayer.advanced.sampleMCTS.Agent,freeway,0,1,1.0,1900.0
tracks.singlePlayer.advanced.sampleMCTS.Agent,freeway,0,1,1.0,1900.0
tracks.singlePlayer.advanced.sampleMCTS.Agent,freeway,0,1,1.0,1900.0
tracks.singlePlayer.advanced.sampleMCTS.Agent,freeway,0,1,1.0,1900.0
tracks.singlePlayer.advanced.sampleMCTS.Agent,freeway,0,1,1.0,1900.0
tracks.singlePlayer.advanced.sampleMCTS.Agent,freeway,0,1,1.0,1900.0
tracks.singlePlayer.advanced.sampleMCTS.Agent,freeway,0,1,1.0,1900.0
tracks.singlePlayer.advanced.sampleMCTS.Agent,freeway,0,1,1.0,1900.0
tracks.singlePlayer.advanced.sampleMCTS.Agent,freeway,0,1,1.0,1900.0
tracks.singlePlayer.advanced.sampleMCTS.Agent,freeway,0,1,1.0,1900.0
tracks.singlePlayer.advanced.sampleMCTS.Agent,freeway,0,1,1.0,1900.0
tracks.singlePlayer.advanced.sampleMCTS.Agent,freeway,0,1,1.0,1900.0
tracks.singlePlayer.advanced.sampleMCTS.Agent,freeway,0,1,10.0,1900.0
tracks.singlePlayer.advanced.sampleMCTS.Agent,freeway,0,1,1.0,1900.0
tracks.singlePlayer.advanced.sampleMCTS.Agent,freeway,0,1,1.0,1900.0
tracks.singlePlayer.advanced.sampleMCTS.Agent,freeway,0,1,1.0,1900.0
tracks.singlePlayer.advanced.sampleMCTS.Agent,freeway,0,1,1.0,1900.0
tracks.singlePlayer.advanced.sampleMCTS.Agent,freeway,0,1,1.0,1900.0
tracks.singlePlayer.advanced.sampleMCTS.Agent,freeway,0,1,1.0,1900.0
tracks.singlePlayer.advanced.sampleMCTS.Agent,freeway,0,1,10.0,1900.0
tracks.singlePlayer.advanced.sampleMCTS.Agent,freeway,0,1,1.0,1900.0
tracks.singlePlayer.advanced.sampleMCTS.Agent,freeway,0,1,1.0,1900.0
tracks.singlePlayer.advanced.sampleMCTS.Agent,freeway,0,1,1.0,1900.0
tracks.singlePlayer.advanced.sampleMCTS.Agent,freeway,0,1,10.0,1900.0
tracks.singlePlayer.advanced.sampleMCTS.Agent,freeway,0,1,1.0,1900.0
tracks.singlePlayer.advanced.sampleMCTS.Agent,freeway,0,1,1.0,1900.0
tracks.singlePlayer.advanced.sampleMCTS.Agent,freeway,0,1,1.0,1900.0
tracks.singlePlayer.advanced.sampleMCTS.Agent,freeway,0,1,1.0,1900.0
tracks.singlePlayer.advanced.sampleMCTS.Agent,freeway,0,1,1.0,1900.0
tracks.singlePlayer.advanced.sampleMCTS.Agent,freeway,0,1,1.0,1900.0
tracks.singlePlayer.advanced.sampleMCTS.Agent,freeway,0,1,1.0,1900.0
tracks.singlePlayer.advanced.sampleMCTS.Agent,freeway,0,1,1.0,1900.0
tracks.singlePlayer.advanced.sampleMCTS.Agent,freeway,0,1,1.0,1900.0
tracks.singlePlayer.advanced.sampleMCTS.Agent,freeway,0,1,1.0,1900.0
tracks.singlePlayer.advanced.sampleMCTS.Agent,freeway,0,1,1.0,1900.0
tracks.singlePlayer.advanced.sampleMCTS.Agent,freeway,0,1,10.0,1900.0
tracks.singlePlayer.advanced.sampleMCTS.Agent,freeway,0,1,1.0,1900.0
tracks.singlePlayer.advanced.sampleMCTS.Agent,freeway,0,1,1.0,1900.0
tracks.singlePlayer.advanced.sampleMCTS.Agent,freeway,0,1,1.0,1900.0
tracks.singlePlayer.advanced.sampleMCTS.Agent,freeway,0,1,10.0,1900.0
tracks.singlePlayer.advanced.sampleMCTS.Agent,freeway,0,1,1.0,1900.0
tracks.singlePlayer.advanced.sampleMCTS.Agent,freeway,0,1,1.0,1900.0
tracks.singlePlayer.advanced.sampleMCTS.Agent,freeway,0,1,1.0,1900.0
tracks.singlePlayer.advanced.sampleMCTS.Agent,freeway,0,1,1.0,1900.0
tracks.singlePlayer.advanced.sampleMCTS.Agent,freeway,0,1,1.0,1900.0
tracks.singlePlayer.advanced.sampleMCTS.Agent,freeway,0,1,1.0,1900.0
tracks.singlePlayer.advanced.sampleMCTS.Agent,freeway,0,1,1.0,1900.0
tracks.singlePlayer.advanced.sampleMCTS.Agent,freeway,0,1,1.0,1900.0
tracks.singlePlayer.advanced.sampleMCTS.Agent,freeway,0,1,10.0,1900.0
tracks.singlePlayer.advanced.sampleMCTS.Agent,freeway,0,1,1.0,1900.0
tracks.singlePlayer.advanced.sampleMCTS.Agent,freeway,0,1,1.0,1900.0
tracks.singlePlayer.advanced.sampleMCTS.Agent,freeway,0,1,10.0,1900.0
tracks.singlePlayer.advanced.sampleMCTS.Agent,freeway,0,1,1.0,1900.0
tracks.singlePlayer.advanced.sampleMCTS.Agent,freeway,0,1,1.0,1900.0
tracks.singlePlayer.advanced.sampleMCTS.Agent,freeway,0,1,1.0,1900.0
tracks.singlePlayer.advanced.sampleMCTS.Agent,freeway,0,1,1.0,1900.0
tracks.singlePlayer.advanced.sampleMCTS.Agent,freeway,0,1,1.0,1900.0
tracks.singlePlayer.advanced.sampleMCTS.Agent,freeway,0,1,1.0,1900.0
tracks.singlePlayer.advanced.sampleMCTS.Agent,freeway,0,1,1.0,1900.0
tracks.singlePlayer.advanced.sampleMCTS.Agent,freeway,0,1,1.0,1900.0
tracks.singlePlayer.advanced.sampleMCTS.Agent,freeway,0,1,1.0,1900.0
tracks.singlePlayer.advanced.sampleMCTS.Agent,freeway,0,1,10.0,1900.0
tracks.singlePlayer.advanced.sampleRHEA.Agent,freeway,0,0,0.0,767.0
tracks.singlePlayer.advanced.sampleRHEA.Agent,freeway,0,0,10.0,783.0
tracks.singlePlayer.advanced.sampleRHEA.Agent,freeway,0,0,0.0,450.0
tracks.singlePlayer.advanced.sampleRHEA.Agent,freeway,0,0,0.0,99.0
tracks.singlePlayer.advanced.sampleRHEA.Agent,freeway,0,0,0.0,713.0
tracks.singlePlayer.advanced.sampleRHEA.Agent,freeway,0,0,0.0,639.0
tracks.singlePlayer.advanced.sampleRHEA.Agent,freeway,0,0,10.0,1227.0
tracks.singlePlayer.advanced.sampleRHEA.Agent,freeway,0,1,1.0,1900.0
tracks.singlePlayer.advanced.sampleRHEA.Agent,freeway,0,0,0.0,654.0
tracks.singlePlayer.advanced.sampleRHEA.Agent,freeway,0,0,10.0,889.0
tracks.singlePlayer.advanced.sampleRHEA.Agent,freeway,0,1,1.0,1900.0
tracks.singlePlayer.advanced.sampleRHEA.Agent,freeway,0,0,0.0,954.0
tracks.singlePlayer.advanced.sampleRHEA.Agent,freeway,0,1,10.0,1900.0
tracks.singlePlayer.advanced.sampleRHEA.Agent,freeway,0,0,0.0,181.0
tracks.singlePlayer.advanced.sampleRHEA.Agent,freeway,0,0,0.0,1075.0
tracks.singlePlayer.advanced.sampleRHEA.Agent,freeway,0,0,0.0,1760.0
tracks.singlePlayer.advanced.sampleRHEA.Agent,freeway,0,0,0.0,298.0
tracks.singlePlayer.advanced.sampleRHEA.Agent,freeway,0,0,0.0,1329.0
tracks.singlePlayer.advanced.sampleRHEA.Agent,freeway,0,1,1.0,1900.0
tracks.singlePlayer.advanced.sampleRHEA.Agent,freeway,0,0,0.0,285.0
tracks.singlePlayer.advanced.sampleRHEA.Agent,freeway,0,0,0.0,925.0
tracks.singlePlayer.advanced.sampleRHEA.Agent,freeway,0,0,20.0,1164.0
tracks.singlePlayer.advanced.sampleRHEA.Agent,freeway,0,0,20.0,674.0
tracks.singlePlayer.advanced.sampleRHEA.Agent,freeway,0,0,10.0,1534.0
tracks.singlePlayer.advanced.sampleRHEA.Agent,freeway,0,0,30.0,1477.0
tracks.singlePlayer.advanced.sampleRHEA.Agent,freeway,0,0,0.0,829.0
tracks.singlePlayer.advanced.sampleRHEA.Agent,freeway,0,1,10.0,1900.0
tracks.singlePlayer.advanced.sampleRHEA.Agent,freeway,0,1,1.0,1900.0
tracks.singlePlayer.advanced.sampleRHEA.Agent,freeway,0,0,0.0,1254.0
tracks.singlePlayer.advanced.sampleRHEA.Agent,freeway,0,0,10.0,1481.0
tracks.singlePlayer.advanced.sampleRHEA.Agent,freeway,0,1,10.0,1900.0
tracks.singlePlayer.advanced.sampleRHEA.Agent,freeway,0,0,0.0,813.0
tracks.singlePlayer.advanced.sampleRHEA.Agent,freeway,0,0,0.0,1441.0
tracks.singlePlayer.advanced.sampleRHEA.Agent,freeway,0,1,20.0,1900.0
tracks.singlePlayer.advanced.sampleRHEA.Agent,freeway,0,1,1.0,1900.0
tracks.singlePlayer.advanced.sampleRHEA.Agent,freeway,0,0,0.0,275.0
tracks.singlePlayer.advanced.sampleRHEA.Agent,freeway,0,0,0.0,1184.0
tracks.singlePlayer.advanced.sampleRHEA.Agent,freeway,0,0,30.0,1364.0
tracks.singlePlayer.advanced.sampleRHEA.Agent,freeway,0,0,0.0,665.0
tracks.singlePlayer.advanced.sampleRHEA.Agent,freeway,0,0,0.0,277.0
tracks.singlePlayer.advanced.sampleRHEA.Agent,freeway,0,0,0.0,597.0
tracks.singlePlayer.advanced.sampleRHEA.Agent,freeway,0,1,1.0,1900.0
tracks.singlePlayer.advanced.sampleRHEA.Agent,freeway,0,1,20.0,1900.0
tracks.singlePlayer.advanced.sampleRHEA.Agent,freeway,0,0,0.0,236.0
tracks.singlePlayer.advanced.sampleRHEA.Agent,freeway,0,0,0.0,442.0
tracks.singlePlayer.advanced.sampleRHEA.Agent,freeway,0,0,0.0,1740.0
tracks.singlePlayer.advanced.sampleRHEA.Agent,freeway,0,1,10.0,1900.0
tracks.singlePlayer.advanced.sampleRHEA.Agent,freeway,0,1,10.0,1900.0
tracks.singlePlayer.advanced.sampleRHEA.Agent,freeway,0,0,0.0,602.0
tracks.singlePlayer.advanced.sampleRHEA.Agent,freeway,0,1,10.0,1900.0
tracks.singlePlayer.advanced.sampleRHEA.Agent,freeway,0,0,10.0,538.0
tracks.singlePlayer.advanced.sampleRHEA.Agent,freeway,0,0,0.0,1190.0
tracks.singlePlayer.advanced.sampleRHEA.Agent,freeway,0,1,1.0,1900.0
tracks.singlePlayer.advanced.sampleRHEA.Agent,freeway,0,0,0.0,1103.0
tracks.singlePlayer.advanced.sampleRHEA.Agent,freeway,0,1,10.0,1900.0
tracks.singlePlayer.advanced.sampleRHEA.Agent,freeway,0,0,0.0,952.0
tracks.singlePlayer.advanced.sampleRHEA.Agent,freeway,0,1,1.0,1900.0
tracks.singlePlayer.advanced.sampleRHEA.Agent,freeway,0,0,0.0,1352.0
tracks.singlePlayer.advanced.sampleRHEA.Agent,freeway,0,0,0.0,364.0
tracks.singlePlayer.advanced.sampleRHEA.Agent,freeway,0,1,1.0,1900.0
tracks.singlePlayer.advanced.sampleRHEA.Agent,freeway,0,0,0.0,1412.0
tracks.singlePlayer.advanced.sampleRHEA.Agent,freeway,0,1,1.0,1900.0
tracks.singlePlayer.advanced.sampleRHEA.Agent,freeway,0,0,0.0,493.0
tracks.singlePlayer.advanced.sampleRHEA.Agent,freeway,0,0,0.0,292.0
tracks.singlePlayer.advanced.sampleRHEA.Agent,freeway,0,0,0.0,1122.0
tracks.singlePlayer.advanced.sampleRHEA.Agent,freeway,0,1,20.0,1900.0
tracks.singlePlayer.advanced.sampleRHEA.Agent,freeway,0,0,0.0,218.0
tracks.singlePlayer.advanced.sampleRHEA.Agent,freeway,0,0,0.0,1735.0
tracks.singlePlayer.advanced.sampleRHEA.Agent,freeway,0,0,0.0,159.0
tracks.singlePlayer.advanced.sampleRHEA.Agent,freeway,0,1,1.0,1900.0
tracks.singlePlayer.advanced.sampleRHEA.Agent,freeway,0,0,0.0,345.0
tracks.singlePlayer.advanced.sampleRHEA.Agent,freeway,0,0,10.0,1516.0
tracks.singlePlayer.advanced.sampleRHEA.Agent,freeway,0,0,0.0,882.0
tracks.singlePlayer.advanced.sampleRHEA.Agent,freeway,0,0,0.0,602.0
tracks.singlePlayer.advanced.sampleRHEA.Agent,freeway,0,0,0.0,643.0
tracks.singlePlayer.advanced.sampleRHEA.Agent,freeway,0,0,0.0,1218.0
tracks.singlePlayer.advanced.sampleRHEA.Agent,freeway,0,0,10.0,887.0
tracks.singlePlayer.advanced.sampleRHEA.Agent,freeway,0,0,0.0,618.0
tracks.singlePlayer.advanced.sampleRHEA.Agent,freeway,0,1,10.0,1900.0
tracks.singlePlayer.advanced.sampleRHEA.Agent,freeway,0,0,0.0,946.0
tracks.singlePlayer.advanced.sampleRHEA.Agent,freeway,0,0,0.0,911.0
tracks.singlePlayer.advanced.sampleRHEA.Agent,freeway,0,1,10.0,1900.0
tracks.singlePlayer.advanced.sampleRHEA.Agent,freeway,0,0,0.0,491.0
tracks.singlePlayer.advanced.sampleRHEA.Agent,freeway,0,0,0.0,336.0
tracks.singlePlayer.advanced.sampleRHEA.Agent,freeway,0,0,0.0,1162.0
tracks.singlePlayer.advanced.sampleRHEA.Agent,freeway,0,0,0.0,162.0
tracks.singlePlayer.advanced.sampleRHEA.Agent,freeway,0,1,20.0,1900.0
tracks.singlePlayer.advanced.sampleRHEA.Agent,freeway,0,0,0.0,315.0
tracks.singlePlayer.advanced.sampleRHEA.Agent,freeway,0,1,1.0,1900.0
tracks.singlePlayer.advanced.sampleRHEA.Agent,freeway,0,0,0.0,1471.0
tracks.singlePlayer.advanced.sampleRHEA.Agent,freeway,0,0,10.0,551.0
tracks.singlePlayer.advanced.sampleRHEA.Agent,freeway,0,0,0.0,345.0
tracks.singlePlayer.advanced.sampleRHEA.Agent,freeway,0,1,10.0,1900.0
tracks.singlePlayer.advanced.sampleRHEA.Agent,freeway,0,0,0.0,1498.0
tracks.singlePlayer.advanced.sampleRHEA.Agent,freeway,0,0,0.0,781.0
tracks.singlePlayer.advanced.sampleRHEA.Agent,freeway,0,1,10.0,1900.0
tracks.singlePlayer.advanced.sampleRHEA.Agent,freeway,0,0,0.0,1646.0
tracks.singlePlayer.advanced.sampleRHEA.Agent,freeway,0,1,10.0,1900.0
tracks.singlePlayer.advanced.sampleRHEA.Agent,freeway,0,0,0.0,771.0
tracks.singlePlayer.advanced.sampleRHEA.Agent,freeway,0,0,20.0,1481.0
tracks.singlePlayer.advanced.olets.Agent,freeway,0,1,20.0,1900.0
tracks.singlePlayer.advanced.olets.Agent,freeway,0,1,50.0,1900.0
tracks.singlePlayer.advanced.olets.Agent,freeway,0,1,10.0,1900.0
tracks.singlePlayer.advanced.olets.Agent,freeway,0,1,20.0,1900.0
tracks.singlePlayer.advanced.olets.Agent,freeway,0,1,20.0,1900.0
tracks.singlePlayer.advanced.olets.Agent,freeway,0,1,30.0,1900.0
tracks.singlePlayer.advanced.olets.Agent,freeway,0,1,10.0,1900.0
tracks.singlePlayer.advanced.olets.Agent,freeway,0,1,10.0,1900.0
tracks.singlePlayer.advanced.olets.Agent,freeway,0,1,20.0,1900.0
tracks.singlePlayer.advanced.olets.Agent,freeway,0,1,10.0,1900.0
tracks.singlePlayer.advanced.olets.Agent,freeway,0,1,10.0,1900.0
tracks.singlePlayer.advanced.olets.Agent,freeway,0,1,1.0,1900.0
tracks.singlePlayer.advanced.olets.Agent,freeway,0,1,30.0,1900.0
tracks.singlePlayer.advanced.olets.Agent,freeway,0,1,20.0,1900.0
tracks.singlePlayer.advanced.olets.Agent,freeway,0,1,30.0,1900.0
tracks.singlePlayer.advanced.olets.Agent,freeway,0,1,20.0,1900.0
tracks.singlePlayer.advanced.olets.Agent,freeway,0,1,30.0,1900.0
tracks.singlePlayer.advanced.olets.Agent,freeway,0,1,20.0,1900.0
tracks.singlePlayer.advanced.olets.Agent,freeway,0,1,20.0,1900.0
tracks.singlePlayer.advanced.olets.Agent,freeway,0,1,20.0,1900.0
tracks.singlePlayer.advanced.olets.Agent,freeway,0,1,30.0,1900.0
tracks.singlePlayer.advanced.olets.Agent,freeway,0,1,30.0,1900.0
tracks.singlePlayer.advanced.olets.Agent,freeway,0,1,10.0,1900.0
tracks.singlePlayer.advanced.olets.Agent,freeway,0,1,30.0,1900.0
tracks.singlePlayer.advanced.olets.Agent,freeway,0,1,40.0,1900.0
tracks.singlePlayer.advanced.olets.Agent,freeway,0,1,20.0,1900.0
tracks.singlePlayer.advanced.olets.Agent,freeway,0,1,1.0,1900.0
tracks.singlePlayer.advanced.olets.Agent,freeway,0,1,40.0,1900.0
tracks.singlePlayer.advanced.olets.Agent,freeway,0,1,30.0,1900.0
tracks.singlePlayer.advanced.olets.Agent,freeway,0,1,10.0,1900.0
tracks.singlePlayer.advanced.olets.Agent,freeway,0,1,10.0,1900.0
tracks.singlePlayer.advanced.olets.Agent,freeway,0,1,30.0,1900.0
tracks.singlePlayer.advanced.olets.Agent,freeway,0,1,10.0,1900.0
tracks.singlePlayer.advanced.olets.Agent,freeway,0,1,40.0,1900.0
tracks.singlePlayer.advanced.olets.Agent,freeway,0,1,20.0,1900.0
tracks.singlePlayer.advanced.olets.Agent,freeway,0,1,40.0,1900.0
tracks.singlePlayer.advanced.olets.Agent,freeway,0,1,20.0,1900.0
tracks.singlePlayer.advanced.olets.Agent,freeway,0,1,40.0,1900.0
tracks.singlePlayer.advanced.olets.Agent,freeway,0,1,30.0,1900.0
tracks.singlePlayer.advanced.olets.Agent,freeway,0,1,10.0,1900.0
tracks.singlePlayer.advanced.olets.Agent,freeway,0,1,40.0,1900.0
tracks.singlePlayer.advanced.olets.Agent,freeway,0,1,1.0,1900.0
tracks.singlePlayer.advanced.olets.Agent,freeway,0,1,30.0,1900.0
tracks.singlePlayer.advanced.olets.Agent,freeway,0,1,10.0,1900.0
tracks.singlePlayer.advanced.olets.Agent,freeway,0,1,30.0,1900.0
tracks.singlePlayer.advanced.olets.Agent,freeway,0,1,20.0,1900.0
tracks.singlePlayer.advanced.olets.Agent,freeway,0,1,20.0,1900.0
tracks.singlePlayer.advanced.olets.Agent,freeway,0,1,10.0,1900.0
tracks.singlePlayer.advanced.olets.Agent,freeway,0,1,40.0,1900.0
tracks.singlePlayer.advanced.olets.Agent,freeway,0,1,1.0,1900.0
tracks.singlePlayer.advanced.olets.Agent,freeway,0,1,1.0,1900.0
tracks.singlePlayer.advanced.olets.Agent,freeway,0,1,10.0,1900.0
tracks.singlePlayer.advanced.olets.Agent,freeway,0,1,30.0,1900.0
tracks.singlePlayer.advanced.olets.Agent,freeway,0,1,20.0,1900.0
tracks.singlePlayer.advanced.olets.Agent,freeway,0,1,20.0,1900.0
tracks.singlePlayer.advanced.olets.Agent,freeway,0,1,10.0,1900.0
tracks.singlePlayer.advanced.olets.Agent,freeway,0,1,10.0,1900.0
tracks.singlePlayer.advanced.olets.Agent,freeway,0,1,20.0,1900.0
tracks.singlePlayer.advanced.olets.Agent,freeway,0,1,30.0,1900.0
tracks.singlePlayer.advanced.olets.Agent,freeway,0,1,20.0,1900.0
tracks.singlePlayer.advanced.olets.Agent,freeway,0,1,40.0,1900.0
tracks.singlePlayer.advanced.olets.Agent,freeway,0,1,10.0,1900.0
tracks.singlePlayer.advanced.olets.Agent,freeway,0,1,1.0,1900.0
tracks.singlePlayer.advanced.olets.Agent,freeway,0,1,40.0,1900.0
tracks.singlePlayer.advanced.olets.Agent,freeway,0,1,1.0,1900.0
tracks.singlePlayer.advanced.olets.Agent,freeway,0,1,20.0,1900.0
tracks.singlePlayer.advanced.olets.Agent,freeway,0,1,60.0,1900.0
tracks.singlePlayer.advanced.olets.Agent,freeway,0,1,10.0,1900.0
tracks.singlePlayer.advanced.olets.Agent,freeway,0,1,20.0,1900.0
tracks.singlePlayer.advanced.olets.Agent,freeway,0,1,10.0,1900.0
tracks.singlePlayer.advanced.olets.Agent,freeway,0,1,40.0,1900.0
tracks.singlePlayer.advanced.olets.Agent,freeway,0,1,10.0,1900.0
tracks.singlePlayer.advanced.olets.Agent,freeway,0,1,20.0,1900.0
tracks.singlePlayer.advanced.olets.Agent,freeway,0,1,10.0,1900.0
tracks.singlePlayer.advanced.olets.Agent,freeway,0,1,20.0,1900.0
tracks.singlePlayer.advanced.olets.Agent,freeway,0,1,40.0,1900.0
tracks.singlePlayer.advanced.olets.Agent,freeway,0,1,20.0,1900.0
tracks.singlePlayer.advanced.olets.Agent,freeway,0,1,60.0,1900.0
tracks.singlePlayer.advanced.olets.Agent,freeway,0,1,10.0,1900.0
tracks.singlePlayer.advanced.olets.Agent,freeway,0,1,20.0,1900.0
tracks.singlePlayer.advanced.olets.Agent,freeway,0,1,20.0,1900.0
tracks.singlePlayer.advanced.olets.Agent,freeway,0,1,10.0,1900.0
tracks.singlePlayer.advanced.olets.Agent,freeway,0,1,30.0,1900.0
tracks.singlePlayer.advanced.olets.Agent,freeway,0,1,40.0,1900.0
tracks.singlePlayer.advanced.olets.Agent,freeway,0,1,10.0,1900.0
tracks.singlePlayer.advanced.olets.Agent,freeway,0,1,20.0,1900.0
tracks.singlePlayer.advanced.olets.Agent,freeway,0,1,10.0,1900.0
tracks.singlePlayer.advanced.olets.Agent,freeway,0,1,50.0,1900.0
tracks.singlePlayer.advanced.olets.Agent,freeway,0,1,20.0,1900.0
tracks.singlePlayer.advanced.olets.Agent,freeway,0,1,10.0,1900.0
tracks.singlePlayer.advanced.olets.Agent,freeway,0,1,1.0,1900.0
tracks.singlePlayer.advanced.olets.Agent,freeway,0,1,30.0,1900.0
tracks.singlePlayer.advanced.olets.Agent,freeway,0,1,10.0,1900.0
tracks.singlePlayer.advanced.olets.Agent,freeway,0,1,10.0,1900.0
tracks.singlePlayer.advanced.olets.Agent,freeway,0,1,40.0,1900.0
tracks.singlePlayer.advanced.olets.Agent,freeway,0,1,40.0,1900.0
tracks.singlePlayer.advanced.olets.Agent,freeway,0,1,20.0,1900.0
tracks.singlePlayer.advanced.olets.Agent,freeway,0,1,20.0,1900.0
tracks.singlePlayer.advanced.olets.Agent,freeway,0,1,20.0,1900.0
tracks.singlePlayer.advanced.olets.Agent,freeway,0,1,10.0,1900.0
